{"cameraMode":{"drawMode":0,"name":"Shaded","section":"Shading Mode"},"sceneLighting":true,"audioPlay":false,"sceneViewState":{"showFog":true,"showMaterialUpdate":false,"showSkybox":true,"showFlares":true,"showImageEffects":true,"showParticleSystems":true},"in2DMode":false,"pivot":{"x":660.5166625976563,"y":149.09030151367188,"z":-213.36199951171876},"rotation":{"x":0.04317566007375717,"y":-0.014391019009053707,"z":-0.0006310554454103112,"w":-0.999051570892334},"size":19.94289779663086,"orthographic":false}