{"cameraMode":{"drawMode":0,"name":"Shaded","section":"Shading Mode"},"sceneLighting":true,"audioPlay":false,"sceneViewState":{"showFog":true,"showMaterialUpdate":false,"showSkybox":true,"showFlares":true,"showImageEffects":true,"showParticleSystems":true},"in2DMode":false,"pivot":{"x":572.477783203125,"y":254.5533905029297,"z":-69.5362777709961},"rotation":{"x":-0.10898186266422272,"y":-0.0029929319862276317,"z":-0.00031130315619520843,"w":0.9941273331642151},"size":396.807861328125,"orthographic":false}