{"cameraMode":{"drawMode":0,"name":"Shaded","section":"Shading Mode"},"sceneLighting":true,"audioPlay":false,"sceneViewState":{"showFog":true,"showMaterialUpdate":false,"showSkybox":true,"showFlares":true,"showImageEffects":true,"showParticleSystems":true},"in2DMode":false,"pivot":{"x":246.0595703125,"y":181.65237426757813,"z":-13.4674072265625},"rotation":{"x":-0.054787084460258487,"y":0.11655567586421967,"z":0.006460174452513456,"w":0.9917418956756592},"size":255.51553344726563,"orthographic":false}